{
  "model": "deit_base_patch16_224",
  "best_epoch": 6,
  "best_val_auc": 0.6896916924484935,
  "metrics": {
    "accuracy": 0.8866166666666667,
    "precision": 0.3679897759735378,
    "recall": 0.4849415494353081,
    "specificity": 0.9235073608272205,
    "f1": 0.4184475978799795,
    "roc_auc": 0.6896916924484935
  },
  "class_aucs": {
    "Atelectasis": 0.7093859072599507,
    "Cardiomegaly": 0.6807324524012505,
    "Consolidation": 0.7229613962928075,
    "Edema": 0.8274185271583608,
    "Effusion": 0.782654745019514,
    "Emphysema": 0.671566270122885,
    "Fibrosis": 0.6550459317303101,
    "Hernia": 0.7012775551102204,
    "Infiltration": 0.6628804060281178,
    "Mass": 0.6498665269370538,
    "Nodule": 0.5794901543377342,
    "Pleural_Thickening": 0.6763357629805261,
    "Pneumonia": 0.6461965664247034,
    "Pneumothorax": 0.6849066675185432,
    "No Finding": 0.6946565174054252
  }
}