{
  "model": "deit_base_patch16_224_v2",
  "improvements": [
    "Class Weights",
    "Optimal Threshold Tuning",
    "Phase-based Training",
    "Focal Loss",
    "CLAHE Augmentation",
    "Balanced Sampling"
  ],
  "best_epoch": 30,
  "best_val_f1": 0.6733551818964791,
  "best_val_auc": 0.7203940506834456,
  "optimal_threshold": 0.45000000000000007,
  "metrics": {
    "accuracy": 0.8641158282792246,
    "precision": 0.644371291690548,
    "recall": 0.7424567509397534,
    "specificity": 0.8886040625579577,
    "f1": 0.6733551818964791,
    "roc_auc": 0.7203940506834456,
    "optimal_threshold": 0.45000000000000007
  },
  "class_aucs": {
    "Atelectasis": 0.7246510070807499,
    "Cardiomegaly": 0.757310621260972,
    "Consolidation": 0.6781069848436174,
    "Edema": 0.7738852651555935,
    "Effusion": 0.8306412046222968,
    "Emphysema": 0.8168114934538292,
    "Fibrosis": 0.6396035829861692,
    "Hernia": 0.8045428772701501,
    "Infiltration": 0.6386447414798508,
    "Mass": 0.7454758746283593,
    "Nodule": 0.6453976521415496,
    "Pleural_Thickening": 0.6804717051595536,
    "Pneumonia": 0.560506539179628,
    "Pneumothorax": 0.7707165113716882,
    "No Finding": 0.7391446996176789
  },
  "class_f1s": {
    "Atelectasis": 0.29460417487199686,
    "Cardiomegaly": 0.26666666666666666,
    "Consolidation": 0.158777487886694,
    "Edema": 0.20573827851644508,
    "Effusion": 0.44014430960970813,
    "Emphysema": 0.28963153384747214,
    "Fibrosis": 0.07961399276236429,
    "Hernia": 0.2247191011235955,
    "Infiltration": 0.34032736460507523,
    "Mass": 0.3207891852393131,
    "Nodule": 0.17847485127095727,
    "Pleural_Thickening": 0.145679012345679,
    "Pneumonia": 0.04415011037527594,
    "Pneumothorax": 0.30547780887644943,
    "No Finding": 0.700801233986032
  },
  "class_weights": {
    "Atelectasis": 8.633337020874023,
    "Cardiomegaly": 39.20439147949219,
    "Consolidation": 22.829967498779297,
    "Edema": 47.43196487426758,
    "Effusion": 7.394571781158447,
    "Emphysema": 43.58051681518555,
    "Fibrosis": 64.4715347290039,
    "Hernia": 476.1063537597656,
    "Infiltration": 4.637357711791992,
    "Mass": 18.281169891357422,
    "Nodule": 16.715978622436523,
    "Pleural_Thickening": 31.85567855834961,
    "Pneumonia": 78.80071258544922,
    "Pneumothorax": 19.976613998413086,
    "No Finding": 0.8613762855529785
  }
}