{
  "train_loss": [
    0.4866273986030127,
    0.4315053266667486,
    0.41031789559574583,
    0.3946907085858623,
    0.38197091321221344,
    0.43487763682614894,
    0.34246664166801366,
    0.29376704133369225,
    0.2553550197164416,
    0.2231735310255099,
    0.2721257890032055,
    0.2493218341327292,
    0.21715125695264342,
    0.1788420057122915,
    0.15460019023730803,
    0.18803325568432472,
    0.15398822987436867,
    0.12689487095902297,
    0.1038095375388074,
    0.09143475334409557,
    0.12063220760522891,
    0.10976908499753096,
    0.08758352060519528,
    0.07125392514790993,
    0.05993726174139441,
    0.09030490902578442,
    0.08089723989907074,
    0.06260276319644481,
    0.048204643020384436,
    0.03989173613453455
  ],
  "val_loss": [
    0.34747617588658813,
    0.345412868767254,
    0.34620456039352865,
    0.34562497772010686,
    0.34660272962399113,
    0.3393346170832359,
    0.33185003317371753,
    0.3892439695954663,
    0.4558568234939378,
    0.4428383039254775,
    0.4207407407005571,
    0.4728224324793176,
    0.587044601678083,
    0.6867533098805307,
    0.7738252994411767,
    0.7545788435214936,
    0.8873772314735044,
    0.8917984242648014,
    1.0596346143532156,
    1.0742229428700305,
    1.146312689491031,
    1.3206063288286563,
    1.448409487837434,
    1.5392351101621582,
    1.6014251135576638,
    1.585707445909268,
    1.5345062188400267,
    1.759123165040847,
    1.9686615170058017,
    2.0124246632061187
  ],
  "train_acc": [
    0.4007811570935902,
    0.8424686347960518,
    0.8483864014746105,
    0.8526102984897134,
    0.8562522297538352,
    0.8517615055297895,
    0.8656744262100131,
    0.8779573968367226,
    0.8902671245094541,
    0.900240813414199,
    0.8649088773932692,
    0.8738695148055655,
    0.8882321025092164,
    0.9039042989653943,
    0.9138883933880366,
    0.8902366512070401,
    0.9038240278273278,
    0.9192115590438815,
    0.9309460102271376,
    0.9380737899869188,
    0.8899973242953978,
    0.8993630336544178,
    0.9154328695445356,
    0.9293903853014627,
    0.9381830479248424,
    0.9090542870733738,
    0.9163270008324415,
    0.9304651266500178,
    0.9429175585682007,
    0.95090602330836
  ],
  "val_acc": [
    0.8644398858366037,
    0.8447377809489832,
    0.8542959923891069,
    0.8650523248899988,
    0.8599892971815911,
    0.8590795576168391,
    0.8529611130931145,
    0.8652961113093115,
    0.8696723748364847,
    0.8442888571768343,
    0.8408580092757759,
    0.8378523011059579,
    0.8483410631466286,
    0.8554822214294209,
    0.845656439529076,
    0.8338119871566179,
    0.8516797478891663,
    0.8531721964561779,
    0.8694315614222856,
    0.8229456534665239,
    0.8008235224164586,
    0.8308895231299798,
    0.8352152455702224,
    0.855122487810679,
    0.8400344868593174,
    0.820656439529076,
    0.8213848257819003,
    0.8499316208823879,
    0.8637085265786657,
    0.8641158282792246
  ],
  "val_auc": [
    0.7146381894042501,
    0.7228521141994582,
    0.7231655093821846,
    0.7318720498808758,
    0.732988369992108,
    0.7713128640620942,
    0.7744471504845895,
    0.7733698722328889,
    0.7691860885117279,
    0.7690161022674957,
    0.7656616161642636,
    0.7657293066745464,
    0.7642023569946418,
    0.7553501027377083,
    0.7552319606767663,
    0.7478597341929644,
    0.7562662299923041,
    0.7508118288101391,
    0.7436056578727375,
    0.7430921576269485,
    0.7428892454602969,
    0.7364124248743906,
    0.7352152779791823,
    0.7286160579766067,
    0.7305739679657852,
    0.7327111418540306,
    0.7291794543287633,
    0.7292449488894248,
    0.7236805112647086,
    0.7203940506834456
  ],
  "val_f1": [
    0.4903305481956746,
    0.48597675485459496,
    0.48820875100838446,
    0.49306033593319165,
    0.49260913115440025,
    0.5074894146288228,
    0.5101868563877506,
    0.5232909605377094,
    0.5314514961557526,
    0.5401772879618756,
    0.5338229870560205,
    0.5379614171176931,
    0.5464152014872552,
    0.5512645638995584,
    0.563502678549976,
    0.5492929306998134,
    0.5715325559792072,
    0.5674229610464885,
    0.578889317774575,
    0.6037666955705067,
    0.5829891072184094,
    0.6114717027894142,
    0.6209234011430091,
    0.6346394761827705,
    0.646628219310069,
    0.6209894589223094,
    0.6209960632176179,
    0.6506872886186366,
    0.6710781830723617,
    0.6733551818964791
  ],
  "val_precision": [
    0.4898254387260347,
    0.48575547264580865,
    0.4875254411022319,
    0.4930638525289674,
    0.4923460145142379,
    0.5083829614325461,
    0.5104545329625294,
    0.5259531932460304,
    0.5357730938643538,
    0.5373208953549,
    0.5313853530121219,
    0.534776789169002,
    0.5433552042683277,
    0.5491269795620726,
    0.5573579272657587,
    0.5441934967546441,
    0.5651988736725214,
    0.5622011495475965,
    0.5781362218783113,
    0.5881064799028615,
    0.573145239509824,
    0.5941099704612255,
    0.6015916173105385,
    0.6144866165661611,
    0.621594962710611,
    0.6020682353063118,
    0.6020122830823285,
    0.6253410680225648,
    0.6426767457766358,
    0.644371291690548
  ],
  "val_recall": [
    0.4925861663805097,
    0.4862191503117665,
    0.48935569370595866,
    0.4949354681098734,
    0.49391350284674584,
    0.5072324382886482,
    0.5099870868973599,
    0.5217804271889808,
    0.5289725960895628,
    0.5449112664056994,
    0.5383156330112443,
    0.5445583565520615,
    0.5509915928037595,
    0.5539053061862171,
    0.5744490675147174,
    0.5615370518671837,
    0.581572822672232,
    0.5751652297715644,
    0.579669594345907,
    0.6638250110622215,
    0.6486895971269498,
    0.6686921213907184,
    0.6817729881990842,
    0.6789180944689537,
    0.7301533543783069,
    0.7049730552517837,
    0.7037746056992216,
    0.7205460919141529,
    0.7382204359567729,
    0.7424567509397534
  ],
  "lr": [
    0.0003,
    0.0002713525491562421,
    0.0001963525491562421,
    0.0001036474508437579,
    2.8647450843757897e-05,
    0.00015,
    0.00013567627457812106,
    9.817627457812105e-05,
    5.182372542187895e-05,
    1.4323725421878949e-05,
    0.00015,
    0.00013567627457812106,
    9.817627457812105e-05,
    5.182372542187895e-05,
    1.4323725421878949e-05,
    2.9999999999999997e-05,
    2.713525491562421e-05,
    1.963525491562421e-05,
    1.0364745084375788e-05,
    2.8647450843757895e-06,
    2.9999999999999997e-05,
    2.713525491562421e-05,
    1.963525491562421e-05,
    1.0364745084375788e-05,
    2.8647450843757895e-06,
    2.9999999999999997e-05,
    2.713525491562421e-05,
    1.963525491562421e-05,
    1.0364745084375788e-05,
    2.8647450843757895e-06
  ],
  "phase": [
    1,
    1,
    1,
    1,
    1,
    2,
    2,
    2,
    2,
    2,
    2,
    2,
    2,
    2,
    2,
    3,
    3,
    3,
    3,
    3,
    3,
    3,
    3,
    3,
    3,
    3,
    3,
    3,
    3,
    3
  ]
}