{
  "model": "DenseNet2-Optimized",
  "accuracy": 0.3105244252873563,
  "precision": 0.2893523778484839,
  "recall": 0.25438714157026904,
  "specificity": 0.9496540599599949,
  "f1_score": 0.24766450504077925,
  "roc_auc": 0.7799038567727224,
  "best_val_acc": 31.05244252873563,
  "epochs": 10,
  "focal_gamma": 2.0,
  "default_threshold": 0.3,
  "optimal_thresholds": {
    "Atelectasis": 0.25000000000000006,
    "Cardiomegaly": 0.20000000000000004,
    "Consolidation": 0.15000000000000002,
    "Edema": 0.20000000000000004,
    "Effusion": 0.20000000000000004,
    "Emphysema": 0.1,
    "Fibrosis": 0.1,
    "Hernia": 0.3,
    "Infiltration": 0.20000000000000004,
    "Mass": 0.20000000000000004,
    "No_Finding": 0.30000000000000004,
    "Nodule": 0.15000000000000002,
    "Pleural_Thickening": 0.1,
    "Pneumonia": 0.1,
    "Pneumothorax": 0.15000000000000002
  }
}