{
  "model": "ResNet50",
  "metrics": {
    "accuracy": 0.3124102011494253,
    "precision": 0.30045514661450107,
    "recall": 0.3492171641174139,
    "specificity": 0.9509181189782615,
    "f1": 0.2893370234141747,
    "roc_auc": 0.8023230834979813
  },
  "class_aucs": {
    "Atelectasis": 0.7955454529823784,
    "Cardiomegaly": 0.8961801600860542,
    "Consolidation": 0.7330267195252105,
    "Edema": 0.8742084475937901,
    "Effusion": 0.8031865597153228,
    "Emphysema": 0.8910764321256407,
    "Fibrosis": 0.7725440263825182,
    "Hernia": 0.8786277613978011,
    "Infiltration": 0.7604187974059863,
    "Mass": 0.8059694672207254,
    "No_Finding": 0.8203630680906111,
    "Nodule": 0.7410112306756708,
    "Pleural_Thickening": 0.7366509384053245,
    "Pneumonia": 0.7076063811727272,
    "Pneumothorax": 0.8184308096899595
  },
  "timestamp": "2026-03-01 15:39:15"
}