{
  "Accuracy": 0.3124102011494253,
  "Precision": 0.30045514661450107,
  "Recall (Sensitivity)": 0.3492171641174139,
  "Specificity": 0.9509181190698542,
  "F1-Score": 0.2893370234141747,
  "ROC-AUC": 0.8023230834979813,
  "best_val_acc": 31.24102011494253,
  "model": "ResNet50",
  "epochs": 10,
  "timestamp": "2026-02-20 01:10:27"
}