{
  "model": "ViT-B/16-Continued",
  "accuracy": 0.29355244252873564,
  "precision": 0.2957720931307511,
  "recall": 0.2833805342496449,
  "f1_score": 0.273670903860501,
  "roc_auc": 0.7711091622849905,
  "best_val_acc": 29.355244252873565,
  "epochs_trained": 10,
  "learning_rate": 1e-05,
  "batch_size": 16
}