{
  "Accuracy": 0.289691091954023,
  "Precision": 0.27329854080592,
  "Recall (Sensitivity)": 0.2930974047974402,
  "Specificity": 0.9489837197004481,
  "F1-Score": 0.2593056503401174,
  "ROC-AUC": 0.7765718426908629,
  "best_val_acc": 28.9691091954023,
  "model": "ViT-B/16",
  "epochs": 30,
  "timestamp": "2026-02-19 06:29:38"
}