{
  "Accuracy": 0.3145653735632184,
  "Precision": 0.2967319707152742,
  "Recall (Sensitivity)": 0.336557957742187,
  "Specificity": 0.9509458403224057,
  "F1-Score": 0.28913896719181653,
  "ROC-AUC": 0.8036127495278452,
  "best_val_acc": 31.45653735632184,
  "model": "Swin-T",
  "epochs": 10,
  "timestamp": "2026-02-21 23:37:09"
}