{
  "model": "DenseNet121",
  "metrics": {
    "accuracy": 0.31779813218390807,
    "precision": 0.29914355711050383,
    "recall": 0.3496410654255431,
    "specificity": 0.9511844950239005,
    "f1": 0.2915501813375524,
    "roc_auc": 0.8072234231077566
  },
  "class_aucs": {
    "Atelectasis": 0.8061589935587588,
    "Cardiomegaly": 0.8949542046317389,
    "Consolidation": 0.7370750539041768,
    "Edema": 0.8777850818539894,
    "Effusion": 0.7997440759975855,
    "Emphysema": 0.8959060084029848,
    "Fibrosis": 0.7775381918647846,
    "Hernia": 0.8956674558103732,
    "Infiltration": 0.7639146324626291,
    "Mass": 0.8125477471344666,
    "No_Finding": 0.8181501940454945,
    "Nodule": 0.7571969715615146,
    "Pleural_Thickening": 0.7346774732739645,
    "Pneumonia": 0.7183946180075569,
    "Pneumothorax": 0.8186406441063329
  },
  "timestamp": "2026-03-01 15:40:17"
}