{
  "Accuracy": 0.31779813218390807,
  "Precision": 0.29914355711050383,
  "Recall (Sensitivity)": 0.3496410654255431,
  "Specificity": 0.9511844951155075,
  "F1-Score": 0.2915501813375524,
  "ROC-AUC": 0.8072234231077566,
  "best_val_acc": 31.779813218390803,
  "model": "DenseNet121",
  "epochs": 10,
  "timestamp": "2026-02-22 00:28:18"
}